{
    "name": "root",
    "gauges": {
        "Rotater.Policy.Entropy.mean": {
            "value": 0.7757370471954346,
            "min": 0.7757370471954346,
            "max": 1.0687264204025269,
            "count": 4
        },
        "Rotater.Environment.EpisodeLength.mean": {
            "value": 48.25615763546798,
            "min": 41.59965928449744,
            "max": 48.25615763546798,
            "count": 4
        },
        "Rotater.Policy.ExtrinsicValueEstimate.mean": {
            "value": -0.6852020621299744,
            "min": -0.7013074159622192,
            "max": -0.3162674307823181,
            "count": 4
        },
        "Rotater.Environment.CumulativeReward.mean": {
            "value": -0.927263775290408,
            "min": -0.9496363597295501,
            "max": -0.927263775290408,
            "count": 4
        },
        "Rotater.Policy.ExtrinsicReward.mean": {
            "value": -0.927263775290408,
            "min": -0.9496363597295501,
            "max": -0.927263775290408,
            "count": 4
        },
        "Rotater.Losses.PolicyLoss.mean": {
            "value": 0.025258628195151688,
            "min": 0.02200474079232663,
            "max": 0.025258628195151688,
            "count": 4
        },
        "Rotater.Losses.ValueLoss.mean": {
            "value": 0.013013375823696455,
            "min": 0.011632332069178422,
            "max": 0.12092303223907946,
            "count": 4
        },
        "Rotater.Policy.LearningRate.mean": {
            "value": 0.00019525179491608005,
            "min": 0.00019525179491608005,
            "max": 0.00028457595514135,
            "count": 4
        },
        "Rotater.Policy.Epsilon.mean": {
            "value": 0.16508392,
            "min": 0.16508392,
            "max": 0.19485865000000002,
            "count": 4
        },
        "Rotater.Policy.Beta.mean": {
            "value": 0.0032576876080000006,
            "min": 0.0032576876080000006,
            "max": 0.004743446635000001,
            "count": 4
        },
        "Rotater.IsTraining.mean": {
            "value": 1.0,
            "min": 1.0,
            "max": 1.0,
            "count": 4
        }
    },
    "metadata": {
        "timer_format_version": "0.1.0",
        "start_time_seconds": "1617550425",
        "python_version": "3.7.9 (tags/v3.7.9:13c94747c7, Aug 17 2020, 18:58:18) [MSC v.1900 64 bit (AMD64)]",
        "command_line_arguments": "D:\\Users\\Colin\\OneDrive\\Projects\\venv\\Scripts\\mlagents-learn --run-id=Test1",
        "mlagents_version": "0.23.0",
        "mlagents_envs_version": "0.23.0",
        "communication_protocol_version": "1.3.0",
        "pytorch_version": "1.7.0+cu110",
        "numpy_version": "1.18.5",
        "end_time_seconds": "1617551611"
    },
    "total": 1185.9398225,
    "count": 1,
    "self": 0.025206300000036208,
    "children": {
        "run_training.setup": {
            "total": 0.0946163999999996,
            "count": 1,
            "self": 0.0946163999999996
        },
        "TrainerController.start_learning": {
            "total": 1185.8199998,
            "count": 1,
            "self": 5.101752699995359,
            "children": {
                "TrainerController._reset_env": {
                    "total": 32.2004776,
                    "count": 1,
                    "self": 32.2004776
                },
                "TrainerController.advance": {
                    "total": 1146.9105303000047,
                    "count": 207157,
                    "self": 2.6844068999830597,
                    "children": {
                        "env_step": {
                            "total": 1144.2261234000216,
                            "count": 207157,
                            "self": 664.3012389000328,
                            "children": {
                                "SubprocessEnvManager._take_step": {
                                    "total": 477.17320310001435,
                                    "count": 207157,
                                    "self": 10.325092800031257,
                                    "children": {
                                        "TorchPolicy.evaluate": {
                                            "total": 466.8481102999831,
                                            "count": 203584,
                                            "self": 183.31405639995455,
                                            "children": {
                                                "TorchPolicy.sample_actions": {
                                                    "total": 283.53405390002854,
                                                    "count": 203584,
                                                    "self": 283.53405390002854
                                                }
                                            }
                                        }
                                    }
                                },
                                "workers": {
                                    "total": 2.7516813999744016,
                                    "count": 207156,
                                    "self": 0.0,
                                    "children": {
                                        "worker_root": {
                                            "total": 1159.5158954000137,
                                            "count": 207156,
                                            "is_parallel": true,
                                            "self": 674.9963276000133,
                                            "children": {
                                                "steps_from_proto": {
                                                    "total": 0.037509799999998705,
                                                    "count": 1,
                                                    "is_parallel": true,
                                                    "self": 0.0019618999999941877,
                                                    "children": {
                                                        "_process_vector_observation": {
                                                            "total": 0.03554790000000452,
                                                            "count": 4,
                                                            "is_parallel": true,
                                                            "self": 0.03554790000000452
                                                        }
                                                    }
                                                },
                                                "UnityEnvironment.step": {
                                                    "total": 484.4820580000004,
                                                    "count": 207156,
                                                    "is_parallel": true,
                                                    "self": 14.558722499958435,
                                                    "children": {
                                                        "UnityEnvironment._generate_step_input": {
                                                            "total": 12.155640400037072,
                                                            "count": 207156,
                                                            "is_parallel": true,
                                                            "self": 12.155640400037072
                                                        },
                                                        "communicator.exchange": {
                                                            "total": 403.26396829999396,
                                                            "count": 207156,
                                                            "is_parallel": true,