{
    "name": "root",
    "metadata": {
        "timer_format_version": "0.1.0",
        "start_time_seconds": "1610463172",
        "python_version": "3.7.9 (tags/v3.7.9:13c94747c7, Aug 17 2020, 18:58:18) [MSC v.1900 64 bit (AMD64)]",
        "command_line_arguments": "D:\\Users\\Colin\\OneDrive\\Projects\\venv\\Scripts\\mlagents-learn",
        "mlagents_version": "0.23.0",
        "mlagents_envs_version": "0.23.0",
        "communication_protocol_version": "1.3.0",
        "pytorch_version": "1.7.0+cu110",
        "numpy_version": "1.18.5",
        "end_time_seconds": "1610463207"
    },
    "total": 34.559188500000005,
    "count": 1,
    "self": 0.033226400000003764,
    "children": {
        "run_training.setup": {
            "total": 0.10259209999999896,
            "count": 1,
            "self": 0.10259209999999896
        },
        "TrainerController.start_learning": {
            "total": 34.423370000000006,
            "count": 1,
            "self": 0.0069633000000095535,
            "children": {
                "TrainerController._reset_env": {
                    "total": 27.892640399999998,
                    "count": 1,
                    "self": 27.892640399999998
                },
                "TrainerController.advance": {
                    "total": 4.015921200000001,
                    "count": 7,
                    "self": 9.380000000902555e-05,
                    "children": {
                        "env_step": {
                            "total": 4.015827399999992,
                            "count": 7,
                            "self": 0.6592286999999928,
                            "children": {
                                "SubprocessEnvManager._take_step": {
                                    "total": 3.356525899999994,
                                    "count": 7,
                                    "self": 0.00036539999999263273,
                                    "children": {
                                        "TorchPolicy.evaluate": {
                                            "total": 3.3561605000000014,
                                            "count": 7,
                                            "self": 0.05472920000001125,
                                            "children": {
                                                "TorchPolicy.sample_actions": {
                                                    "total": 3.30143129999999,
                                                    "count": 7,
                                                    "self": 3.30143129999999
                                                }
                                            }
                                        }
                                    }
                                },
                                "workers": {
                                    "total": 7.280000000520204e-05,
                                    "count": 6,
                                    "self": 0.0,
                                    "children": {
                                        "worker_root": {
                                            "total": 18.005338499999993,
                                            "count": 6,
                                            "is_parallel": true,
                                            "self": 17.894148799999996,
                                            "children": {
                                                "steps_from_proto": {
                                                    "total": 0.0005302999999994285,
                                                    "count": 1,
                                                    "is_parallel": true,
                                                    "self": 0.00023629999999918994,
                                                    "children": {
                                                        "_process_vector_observation": {
                                                            "total": 0.0002940000000002385,
                                                            "count": 2,
                                                            "is_parallel": true,
                                                            "self": 0.0002940000000002385
                                                        }
                                                    }
                                                },
                                                "UnityEnvironment.step": {
                                                    "total": 0.11065939999999941,
                                                    "count": 6,
                                                    "is_parallel": true,
                                                    "self": 0.00047399999999697684,
                                                    "children": {
                                                        "UnityEnvironment._generate_step_input": {
                                                            "total": 0.0006094999999994855,
                                                            "count": 6,
                                                            "is_parallel": true,
                                                            "self": 0.0006094999999994855
                                                        },
                                                        "communicator.exchange": {
                                                            "total": 0.1080576000000022,
                                                            "count": 6,
                                                            "is_parallel": true,
                                                            "self": 0.1080576000000022
                                                        },
                                                        "steps_from_proto": {
                                                            "total": 0.0015183000000007496,
                                                            "count": 6,
                                                            "is_parallel": true,
                                                            "self": 0.0009139000000040198,
                                                            "children": {
                                                                "_process_vector_observation": {
                                                                    "total": 0.0006043999999967298,
                                                                    "count": 12,
                                                                    "is_parallel": true,
                                                                    "self": 0.0006043999999967298
                                                                }
                                                            }
                                                        }
                                                    }
                                                }
                                            }
                                        }
                                    }
                                }
                            }
                        }
                    }
                },
                "trainer_threads": {
                    "total": 1.599999999513102e-05,
                    "count": 1,
                    "self": 1.599999999513102e-05,
                    "children": {
                        "thread_root": {
                            "total": 0.0,
                            "count": 0,
                            "is_parallel": true,
                            "self": 0.0,
                            "children": {
                                "trainer_advance": {
                                    "total": 4.017174600000004,